"threat","sentiment_score"
" ""I will shoot up the school"" on Jan. 10",-0.5
" ""infiltrate the school from all entrances"" and ""start little by little killing people"" Making at least a few escapes without getting caught  We should probably steal the teachers vehicles  and have good armor so we wont die. The cameras got shot and stole the memory card, but we still have to plan to see where stuff is.",-2.95
" ""Nicolas (sic) Cruz you coulda done better. Stand back & watch what a real WHITE man can do! #NextCruz""",1.45
" ""shoot up,"" ""bother hiding,"" ""won't be making it to Thanksgiving break,""",-0.7
" dont go to school tomorrow. Its going to be a shooting and riot, Tell everybody you can. Please dont go.",-0.1
" shoot up Cheney Middle School",-0.5
" (expletive) all this yall getting shot up. Im tired of all this (expletive). Im warning yall asses now. Explorer, mariner, voyager. Yall are first,",-2.05
" blow up or shoot up",-0.9
" Hello, this is Glades Middle School and Im sending a text because your child will be suspended starting tomorrow for taking videos in your first period chorus class there are no videos or pictures allowed to be taken in school. Thanks, Glades Middle School. The text message was followed by two additional messages reading Its a prank and But Im shooting that school in first period. Im going to shoot the school tomorrow during first period @10 a.m.",-0.15
" Hello, this is Glades Middle School and Im sending a text because your child will be suspended starting tomorrow for taking videos in your first period chorus class there are no videos or pictures allowed to be taken in school. Thanks, Glades Middle School. The text message was followed by two additional messages reading Its a prank and But Im shooting that school in first period. Im going to shoot the school tomorrow during first period @10 a.m.",-0.15
" i am shooting up eagle crest highschool tomorrow I am sick and tired of the bulling (sic) and hate everyone do not come to school tomorrow me and my friends will be there waiting for you.",-2.85
" Let me go before I shoot this place up.",-0.5
" No mask mandates. My child, my children will not come to school on Monday with a mask on. Alright? Thats not happening. And I will bring every single gun loaded and ready.",0.9
" shoot up the school",-0.5
"""... f***** alert the last 3 days of the week coming back. Anyone on sight it's f*****up idc. Got a list who finna get killed the first is this skinny (?) who's a h** and shouldn't be...Final warning before after next week.",-1.25
"""... Im going to shoot up the school""",-0.5
"""CHS School Shooting 10-19-18 Be Ready.",0.2
"""specifically killing [certain]people and hopes of get[ting]a medal from the president for doing it. One entry, written June 2017, ends with the chilling phrase: I promise.""",1.25
"""Yo bruh bouta run it up at central,""",0
"""12/13/21""",0
"""12-1-21""",0
"""a shooting to occur at Gunn sometime on Friday""",-0.6
"""a threatening activity would happen at lunch""",-1
"""armed attack on a Boston school"" ",-0.75
"""be ready akers""",0.8
"""Be ready for November 14th.""",0.8
"""Be ready"" ""I will bring a weapon to St Brendan High September 12.""",0.8
"""bellport mass shooting tmr? shhh (emoji)",-0.6
"""Bhs is getting shot up tm""",-0.4
"""blow up"" and ""shoot up"" ",-0.9
"""Can't wait to see what happens today at school.... Here's a hint""",-0.25
"""caption that indicated that a shooting would take place on Thursday (today)""",-0.6
"""CHS better watch out""",0.8
"""columbing school shooters on the way""",0
"""Date of shooting, December 13th""",-0.6
"""Dear 8chan on Monday there will be a school shooting I'm planning stop me if you can""",-0.25
"""do harm"" ",-0.75
"""Dont come to school on Monday""",0
"""don't come to school today""",0
"""Don't come to school tomorrow if you (want to) live"" ",0
"""don't come to school tomorrow!!!""",0
"""don't come to school tomorrow""",0
"""Don't come to school tomorrow. I'm shooting up the school.""",-0.6
"""Don't come to school tomorrow...THIS IS A JOKE. DO NOT REPORT (It's not a joke).""",0.6
"""Don't go to Millikan tomorrow""",0
"""Don't go to school tomorrow""",0
"""Don't go to school tomorrow""",0
"""don't go to school tomorrow""",0
"""Don't go to school tomorrow"".",0
"""Don't go to school tomorrow.""",0
"""Don't go to school Wednesday""",0
"""Don't pu Tomorrow""",0
"""Everyone talks (expletive) and I will fight everyone and I'll shoot up the school""",-1.4
"""F### Manor""",0
"""FB jailer forgot to lock my cage this morning. I decided to start the day by killing school children. Our governer beat me to it.""",-1.35
"""felt cute might shoot up a school later""",0.25
"""fill him full of bullets."" ""I'm going to shoot this b**** up on hood.""",-0.75
"""get ready for water day""",0.8
"""go to school packing heat and just open fire on all my enemies, mostly the school teachers and front office administration""",-0.75
"""going out with a bang don't go to school tmr.""",0
"""going to shoot up the school tomorrow""",-0.5
"""Going to shoot your kid in the 2020 Columbine remake.""",-0.5
"""Gonna shoot up South"" ""I need to go shoot up the school""",-0.5
"""Good morning family, I work with a sheriffs wife and she just told us that three large gangs are planning a big shoot-up in Florence district one schools today, one parent known as Aunt Becky wrote in a group text message. Please proceed with caution. This (information) was from (an) FBI informant. Keep the babies home today is what they recommend,",3.4
"""he was going to shoot up the school in 15 minutes"" ""Bang Bang""",-0.5
"""he would shoot up the school if someone 'liked' his post""",-0.5
"""Hey I've seen you know people at JK And idk if you know this already but there's word that some people were threatening to shoot up the school so (emoji) js Let your friends know. Better safe than sorry""",-0.45
"""Hey Siri, directions to the nearest school""",0
"""HHS school shooting tomorrow""",-0.6
"""hi. it's me. ima shoot up the school.""",-0.5
"""homicidal thoughts""",-1
"""hope your bookbags are bulletproof""",1
"""hundreds of rounds of ammunition,"" ""I'm going to shoot up my school,"" the message reads. ""I'll play some music before I get to the school then blast dancin military style and abba...I hope to take atleast [sic] 15-30 people with me.""",0.2
"""hunt her down,"" ""mass murderer,""",-1
"""I am going to kill everyone at Miami Senior High School, Do not go to school if you want, if you don't want to die on Dec. 6, everyone is going to see the anger inside of me,""",-2.25
"""I am going to shoot the school, like in Texas; be ready,""",0.8
"""I am going to shoot you""",-0.5
"""I am pulling a School Shooting at 1:00 today""",-0.6
"""I Dalton Barnhart vow to bring fathers m15 to school and kill 7 people at minimum.""",-0.15
"""I gonna shot [classmate] and his friends, I am tired of them,""",-1.15
"""I hate this school and everybody in it. Watch out you might be first. On Friday 9-27-19 I will shoot up the school,""",-1.25
"""I might be the school shooter this year"" ",0
"""i need help and yes i confess i have been thinking/ planning on shooting up the school just so i can hurt those that hurt me.""",-0.8
"""I want to run away. School shooting 9-4-19.""",-0.6
"""I was planning on shooting up your school"", only to scare them",-1.1
"""I will go back and shoot up Westmont High School. I just have to figure out how to get back in.""",-0.5
"""I will shoot up the school by getting  the Bloods to come to the school"" ""I will shoot you""",-0.5
"""I will shoot up the school""",-0.5
"""Im going to remake Texas at CMS""",0
"""Im going to shoot up the school"" and ""#Friday.""",-0.5
"""if certain criteria are not met.""",0.8
"""If yall dont pull up the Oct 5 finna be a mass shooting""",-0.6
"""If you are reading this... don't come to school on Thursday. You won't regret it"" ",-0.65
"""If you don't do as you're told, I'm gonna shott you - and yes, I have a gun""",0.3
"""if you go to Northwest School be safe tomorrow someone is brining an AR to school",0.75
"""if you go to wsms, I feel bad for you"" with gun emojis, ""if you don't want to die, stay home on may 27th friday 2022""",-2
"""if you put your hands on me, see what happens,""",0
"""I'll be bringing a highpoint to school to shoot the kids that annoy me and I'm explaining how I'm going to do it,"" ""shoot up LPHS,"" ""warn [their] friends,"" saying ""idc who you are."" ""pass through the metal detectors without opening [their] bag."" They planned to go to the teachers' bathroom to load the gun and ""start from there."" ""They will never know,",-2.5
"""I'll bring back guns"" ""I'll come shoot the school up""",-0.5
"""I'm at a Jewish school and about to make it everyone's problem,"" ""'The playground is about to turn into a self-defense situation,"" and that he wanted to ""shoot parents coming to pick up their children.""",-0.75
"""I'm Can't be the only one who want to shoot up my school, not going to do it just a thought.... For all you that responded, it was a joke and I did not mean it.""",0.1
"""I'm finna shoot that school up""",-0.5
"""I'm going to become a school shooter tomorrow""",0
"""I'm going to shoot everyone tagged.""",-0.5
"""I'm going to shoot Festus high school students in the name of Kyle Rittenhouse.""",-0.5
"""I'm going to shoot the school.""",-0.5
"""I'm going to shoot you""",-0.5
"""I'm just going to drop my kids off at a police station and then shoot up my kids school.""",-0.75
"""I'm just letting you know now, stay home tomorrow there will be a school shooting at Simms high school., If you tell anyone but your friends, I'll come and kill all of you.""",-1.35
"""I'm really over it now...I'm shooting Jordan High School up""",-0.6
"""I'm shooting up bearden bet on the 5th at breakfast with my dads ar16 or his s&w now ss that an show who ever jus kno ~*****""",0
"""I'm shooting up LJS tomorrow, if not tomorrow Tuesday""",-0.6
"""I'm shooting up the school 1-30-20! Hope you die.""",-0.85
"""I'm so tired of this school. Today at 8th gr lunch end of 7th grade lunch. I'm shooting this school down to da ground.""",-1.35
"""I'm still deciding whether to shoot that b---- up or not."" ",-0.5
"""I'm warning all of you that there's gonna be a school shooting on Thursday the 16th of May located at Mooresville High School.""",-1.1
"""Ima shoot everyone... f*** westbury... ??? school ima shoot that ***** up one day... SMD westbury""",-0.5
"""Ima shoot the school Feb 26""",-0.5
"""Ima shoot up the [expletive] school tomorrow.",-0.9
"""Imma shoot this (expletive) up on the main campus + Cougar Village on 05/18/22 At 10:30 am.""",-0.25
"""Jessamine County Schools, be ready Monday."", youre the reason im killin [sic] everybody make it stop, and send nudes and ill [sic] let you live.",0.5
"""Kill a lot of people""",-0.75
"""kill at least 30 people""",-0.75
"""kill kill kill""",-0.75
"""killing minorities soon""",-0.75
"""killing the school resource officer and taking his gun, killing the principal and staff"" ",-0.85
"""KP High School is planning to shoot up the KP Middle School on Friday""",-0.25
"""let the school shooting begin""",-0.6
"""lmao so you want to get shot or best (sic) up in the new question?"" ""School shooter is nice to bring back""",1.4
"""Mason better watch out""",0.8
"""new student"" planned to ""shoot up"" Joseph Lane Middle School",0.3
"""nfhs.school.shooting2.0"" , ""Dont (sic) come to school if you wanna live 12/15/2""",-0.6
"""On God, I'm shooting up South View High School this Friday, and the middle school. Don't come to school this week Friday,"" ""It's up for all you SVHS students.""",-0.6
"""People from wea dont (sic) go to school on thursday WEA RIDGE MIDDLE SCHOOL they say there is going to be a shooting going on""",-0.6
"""plan on shooting up the school"" wanted ""everything to go down"" like the 1999 Columbine shooting. ""Killing him""",-0.85
"""recreate Uvalde""",0
"""referenced a 'school shooting' on Monday""",0
"""remember, no one is bullet""",0
"""revenge""",-1
"""School map...Weapon choice: main assault, secondary glock""",0.05
"""school shooter""",0
"""school shooting Friday 13th""",-0.6
"""School shooting May 26th""",-0.6
"""school shooting on Monday"" ",-0.6
"""School Shooting Today at 1 p.m.""",-0.6
"""School shooting tomorrow April 5th. I'm done dealing with school everyone will go down tomorrow.""",-0.6
"""school shooting""",-0.6
"""See you guys tomorrow"" and angry red faced emojis",-0.75
"""shoot everyone""",-0.5
"""shoot everyone""",-0.5
"""shoot it up""",-0.5
"""shoot the school up""",-0.5
"""shoot the school up.""",-0.5
"""shoot up school on Friday morning during 1st period""",-0.5
"""shoot up South Windsor High School""",-0.5
"""shoot up Taylor High School tomorrow""",-0.5
"""shoot up the school Monday.""",-0.5
"""shoot up the school""",-0.5
"""shoot up the school""",-0.5
"""shoot up the school""",-0.5
"""shoot up the school""",-0.5
"""shoot up the school""",-0.5
"""shoot up the school""",-0.5
"""shoot up the school""",-0.5
"""shoot up the school"" and  I have to draw the dead white girl, instead of doing his schoolwork, later stating that he just wanted to kill the girl and finish drawing the picture",-1.85
"""shoot up the school"" and ""i'm gonna shoot you""",-0.5
"""shoot up the school,""",-0.5
"""shoot up the school.""",-0.5
"""shoot up""",-0.5
"""shoot up""",-0.5
"""shoot up""",-0.5
"""shoot up""",-0.5
"""shoot up""",-0.5
"""shoot up""",-0.5
"""shoot up""",-0.5
"""shoot up"" Dunmore High School ",-0.5
"""shoot up"" Hoover High School ",-0.5
"""shoot up"" the high school Monday",-0.5
"""shoot up"" used",-0.5
"""shoot up,"" seven carloads of people were going to come and shoot up the school,",-0.5
"""Shooting 10 03.""",-0.6
"""shooting Nov 14""",-0.6
"""shooting on Thursday""",-0.6
"""shooting Sandusky City Schools up all week.""",-0.6
"""shooting up Benicia High tomorrow"" and ""back to school shopping""",-0.2
"""Shooting up on the campus on Monday... I like some of you. Try to skip school if you value your life... I don't think you guys are gonna wanna hide at the 900s""",0.15
"""shooting up the school tomorrow""",-0.6
"""shooting up the school""",-0.6
"""shooting up the school""",-0.6
"""shooting up""",-0.6
"""shots fired"" and ""help""",-0.5
"""since nobody showed up to school today just sat till tomorrow, i'm going to drive past the cafeteria during 3rd lunch and just shoot non stop.""",-0.9
"""Some of you are alright. Don't go to school tomorrow""",0
"""someone was going to hurt somebody,""",-0.75
"""talking about plans to '(shoot) up the school bus then the school,'"" ""The witness also heard them talking about wearing bandanas when they executed their plans.""",-0.5
"""terrorize Flanagan high""",-0.75
"""The anonymous post allegedly talked about a student committing a shooting at the school if students did not wear all white.""",-0.1
"""The boys mentioned wanting to commit a shooting 'like the man that shot up Parkland High'"" and ""The second student asked if he could 'join the shooting.'""",-1.25
"""the desire of shooting up his school and murdering a person that hurt his friend""",-0.95
"""the student who heard the threat told school administrators the teen spoke of wearing a trenchcoat the next day and going to the elementary and middle school to shoot them up.""",-1.25
"""The suspect apparently had communications with our officers that he might start shooting, and we took it seriously,""",-1.35
"""Their goal, police say: kill and injure students and staff.""",-1.5
"""There has been an Instagram message that was sent to a group of students and which they had said they were going to come and shoot up the school,"" - quote superintendent",-0.5
"""there is going to be a school shooting and be ready""",0.2
"""there will be a school shooting on Sept 25th 2018""",-0.6
"""There will be a shooting on the 18""",-0.6
"""there would be a school shooting"" ""the school would need to be placed into lockdown""",-0.6
"""there would be a shooting Thursday at Alhambra High School""",-0.6
"""they say I'm the white boy who shoots up schools""",0.65
"""This evening some individual(s) have posted on social media that the same type of crime will occur in Bayonne High School tomorrow 12/11/19""",-0.75
"""thought of planning a school shooting""",-0.35
"""threatening safety of students""",-0.2
"""time for Columbine Part 2""",0
"""tired of getting bullied"" ""shooting up the school on Tuesday at 10am""",-1.85
"""to kill all of you and your Egyptian friends,"" ""the plot thickens,"" ""keep an eye out""",-0.75
"""to shoot people""",-0.5
"""to shoot up the school""",-0.5
"""Today is a nice day to pull up to a school."" - suspect #1 made this threat",-1
"""told a fellow cafeteria worker that if they ever saw him in his army fatigues, they should leave because he would have an AK-47 that he would use to finish everything and then off' himself.""",-0.65
"""Tomorrow at 8:45 a.m. I will be shooting up South Doyle Middle. Ready or not."" ""at 845 I will be shooting up south Doyle middle school no matter what I'm goin for ms sauer first""",0.2
"""Tomorrow I'm going to do a school shooting at lunch,"" ""I hate my boss. Kill the student with a gun. Roosevelt high school SHOOTING 11-06-2018."" ""I'm going to kill the student and everyone,"" ""Roosevelt high school to Hell. I'm going to shoot at lunch 11 a.m. 11-6-18. Please call the police. Let them know there will be a shooting at the school.""",-3.15
"""Training for Prom Walk""",0.6
"""two separate voicemails were left threatening a shooting at 8:30 a.m. on Monday. One message also included a threat to blow up the school.""",-2.15
"""vague online rumors of a school shooting threat""",-2.7
"""wanted to beat the record of 19""",0
"""watch out kato we will be back tmr""",0
"""Were going to shoot up the school. I like you and dont want you to get hurt.""",-0.75
"""who's down for shooting up Wheatland High.""",-0.6
"""Wouldn't go to school tomorrow"". Pictured of funs with caption ""Can't wait to use those""",-0.25
"""You go to Osborn's park high school I will go there and I will bring a gun then shoot you and all your other friends""",-1
"""You ready for your first and last day of school?""",0.8
"""You're going to be on my list... A list for when I shoot up the school.""",-0.5
"""youve been warned""",-0.5
", hope yall die Im [sic] shoot 7 teachers every last security guard and 20 students and principal.",-0.6
"going to shoot up the school on Monday,",-0.5
"I dont fight; I shoot,'",-1
"Im going to shoot you.",-0.5
"Stand down B**ch! Yo F**kin days are over NOW ... Fake to me And DED.'",-0.75
"you guys better hide. Im gonna shoot it up",0.3
"2:00 November 1st colleton county middle school will be shoot up make sure yall hide yall little kids before we cap em.",-0.5
"2:30 tmo Essex Tech ",0
"3/1/19 yall gonna find out whats hiding under these trench coats!"", ""'I got murder on my mind.' - melly"", Make sure everyone comes to school on friday. Itll be an exciting day.",0
"All yall are going to feel bullets. ""Im going to give you time to get out, then started to count down from ten, the court documents said."" ""Ill wait till the class fills up, the affidavit said. At this time, one student sent a message to administration because they were afraid and hoped they would come and intervene.""",-1.5
"Any kids we see theyre [sic] getting shot,",-0.4
"Apperantly [sic] there are threats of an 11th and 12th grader having a gun on [sic] fondy just didnt do anything with it so pretty much the school might get shot up tomorrow. So if you, Guys have a choice to not go then dont.",-0.5
"At 10:00 Am Im Going To Shoot The School and Im bringing my dad gun to the school. and ""Just watch""",-1
"At 10:30 am a car will drive into as many students as possible as they try to leave. If you try and evacuate them the driver will get out and shoot any student leaving. You have a choice here, you can ignore this email and risk the lives of the students you say you care for, or you can listen to what we are telling you. The only way out is to go out with a BANG.",-1.1
"Aye, Im finna shoot up Logan High after Thanksgiving break. I will only kill 8 students and 2 teachers. Ive been getting bullied ever since school started and Im tired of it, either join me or die too. The Snapchat message written below indicated, Repost this!!!!",-2.45
"Ayyy everyone that has my TikTok and goes to (sic) rigby middle school Im letting you know dont go to school Monday there is gonna be another shooting I just letting you all know but do anything to not go to school Monday,",-0.6
"Because (Im) going (to) shoot up the whole school on Monday",-0.5
"Because it could save lives., Dont go to Parma High School tomorrow friend, we are about to shoot that s--t up alright man?"", Dont tell the cops and you will be fine,",1.05
"Cant wait for tomorrow shooting. Bay Academy kids watch out.",-0.45
"CHS be ready!!!!!! This s--- real!!!!!!! guys.",1.05
"Coming for Lamesa Middle School",0
"Do you want me to shoot up the school on Monday? Im leaving rn [right now] before the cops search my bag.",0.3
"Dont come to school tomorrow I will kill the people.",-0.75
"Dont go to school on Monday,",0
"Everybody is going to die,  Im going to shoot Nogo high school up February 20, 2020. This is because of the constant bullying from the freshman class. Dont expect to live. Dont come if you want to live. Everybody is going to die. Thursday I am shooting up the school. Sorry, I dont want the people I am friends with to come to school. Dont post it, some people deserve to die. I am going to kill at 3rd period. I am sorry. I cant take it anymore. I must get revenge,",-4.2
"F- everyone that call me ugly Ill shoot up the school, 12/17/18, 4 period",-1.75
"going to shoot up cheney middle school tomorrow at 12:08 (8th grade lunch.) I will have four people helping.",0
"grab your AR and we can go down to the school and shoot it up.,  grab your gun and lets go shoot up the elementary school,",-1
"hey (racial expletive) on January 2 Im gonna shoot up Shakopee High School Not catching me lacking.  """,-1.65
"HHS school shooting tomorrow,",-0.6
"Hi Im Ashton Smith Im going to shoot the school on Friday.",-0.5
"I am going to come to school with a gun and make sure I get you first and then everyone else.",-0.5
"I can have the gang, a whole bunch of just people in cars and (expletive), just pull up and then just shoot, just shoot up,",-1.7
"I f****** hate [victims name], shes full of so much bull**** that its not even funny, I hope she gets dragged to hell, gets her eye plucked out of her skull and her skull comes back to me so I can put it on my wall as a trophy! I hate her so much I want to do a school shooting and only kill her, itll be worth life in prison to even death, ",-3.35
"I feel like school shooting tmrw. Also saying, when I sneeze, its a signal, go to the bathroom ok, and continued with I hope yall arent snitches.",0.4
"I feel like shooting up the school and then living in solitary confinement for the rest of my days, Im gonna murder someone, Im straight up gonna be a serial killer, and Ive come to the conclusion that Im a sociopath that doesnt feel (expletive) and would be happy to kill people,",-3.15
"I hate everything and Im gonna shoot up our school. Everything is wrong and I wanna hurt someone for it. So Im finna shoot up the school. Nothing I just hate everything and want everyone to know it. The text on the 19 was a threat to ""shoot up the school"" ",-3.5
"i hate n------ i would kill them if [I] hade to and i shoot up sms and mgm tomorrow. (bio of account)",-2
"I need to make this shooting/bombing ... infamous,"" ""I need to get the biggest fatality number I possibly can. I need to make this count. ... I'm learning from past shooters/bombers mistakes, so I don't make the same ones.""",-3.15
"I want to shoot up a school for real.",-0.25
"I will shoot up the school at 12:00 be ready, and, Everybody will be shoot (sic).",0.3
"Im coming to Ithaca High School, Im shooting the school up... Im coming for [students name] and you, you last. Im gonna shoot both of yall. [] 10 oclock, Ithaca High School.",-1.1
"Im done talkin to you  followed by a racial slur.  ",-0.5
"Im going to shoot up the school tomorrow at west creek middle I have been wanting to do this and since it is the end of the year Im going to do it now. So be ready tomorrow now f***ing joke. Im anonymous, but I work there just letting you know.",1.15
"Im going to shoot up the teacher and the school ",-0.25
"Im gonna leave and go home, get a gun and come back and shoot everybody.",-1.25
"Im gonna shoot up the school tomorrow at 0900 hours. Be ready.",0.3
"Im gonna shot this school on Friday 11/5/21",-0.4
"Im in a car parked on Genesee Street with a bomb. Theres going to be a lot of people dead. There is a bomb at your school and we will shoot the kids when they get out of the school. That is what you get for not accepting me in 86. school employee asked who was calling, and Buchanan said, If you try to find out I will shoot you. a bomb on campus similar to the one Congress is going to get, ""Stop playing games, you know who this is. I am going to shoot the school. I know the kids are there.""",-1.8
"Im leaving krop cya. Dont come to school today.",0
"Im ready to shoot up the school, with four laughing emojis",0.9
"If school isnt evacuated tomorrow I will bring a gun and kill as many people as possible 2/4/18",-1.25
"If you go to Northwest School be safe tomorrow someone is bringing an AR to school.",0.75
"If you live in Clay County or Duval County be safe. Its an active shooter coming to all yall schools,",1
"IMMA Send SHOtsflying at the school for XXXX and  I HOPE I GET LOCKED UP SO I CAN SEE XXXX AND WE CAN BOTH BEAT THE CASE SO THEN BOTH OF US CAN BOOM THE SCHOOL.",0.1
"infiltrate the school from all entrances and start little by little killing people.
",-0.75
"Is dying good? When we first listen the word die, we get scared. However, with all the suffering in this world, I have concluded that dying is something good... I will begin my dream with a mass shooting at the University of Miami."" I am also planning a mass shooting at the Shenandoah Middle School. I will shoot the kids to the head. I will kill everybody to the head.. ",-2.75
"is gonna shoot up the school, If yall report this you could legit get a day off, ",-0.5
"Its [sic] going to be a school shooting at the school Monday and Im tired of u [sic] guys bullying me. Im going to shoot every one [sic] in my way.",-2.6
"Knock on my door one more time with the police and see what happens to you all. I will shoot up the schools, facts... I will go to Spruce Creek myself, and shoot up that whole school myself, facts.",-0.35
"mass shooting,"" several military style firearms and explosives.",-1.2
"My children will not come to school on Monday with a mask on, thats not happening and I will bring every single gun loaded and ready, ""Ill see yall on Monday.",-0.2
"National Shoot Up Your School Day",-0.5
"National Shoot Up Your School Day",-0.5
"National Shoot Up Your School Day",-0.5
"National Shoot Up Your School Day",-0.5
"On my way! School shooter,",0
"revealing new school shooter gun.",0.3
"school shooter., I hate WJ(referencing Walter Johnson HS), Ha, ha, Im going to shoot up the school",-1.25
"school shooting at 12 p.m.",-0.6
"school shooting Feb. 14 and March 1",-0.6
"school tomorrow",0
"shoot everyone in the school.",-0.5
"shoot that [expletive] up.",-0.9
"shoot the school or stab some people.",-1.5
"shoot up Cross,",-0.5
"Shoot Up Feb 14.",-0.5
"shoot up the bus",-0.5
"shoot up the school on Wednesday,",-0.5
"shoot up the school then shoot himself,",-0.5
"shoot up the school, telling the girl to hide in the closet because he liked her and she had always been a good friend to him.",1.55
"shoot up the school and said he had a gun",-1
"shoot up",-0.5
"shooting up the school",-0.6
"shooting up",-0.6
"Shooting up a school, using explosives and referring to other school shootings as amateurs.",-0.6
"The last red pill 5-17-19 just for me. written on the single bullet",-0.25
"The only question is how many kids are going to die, and Suicide by cop is the best way to go.",-1
"There is a bomb on Lauderdale Lakes Middle Schools campus and Boyd Andersons campus, the tip read. There are students lives at stake. Imma shoot up Lauderdale Lakes Middle School and Boyd Andersons school. This is not a joke.",-0.4
"there would be a shooting today at a school district in Oakland County when school lets out.",-0.6
"This goes to all the girls out there  if you dont date me, then youre dead,"" Get back together with me, or youre dead,"" Mess with my a** then youre dead. Everything, youre dead.",-1.75
"This is no one of those hoaxes. This is not a joke. I have not been bullied. I have not been misunderstood, the post stated. I am actually quite popular, and I have not told anybody I am going to do this.  I know the lockdown protocols, dont even bother hiding, it read. At the beginning of 6th period, at 12:10, I will pull a Glock 17 out of my backpack and unleash hellfire on the lunchroom. I have plenty of ammo too. ",-2.15
"tired of issues to shoot up the school.",-1.25
"to cause harm",-0.75
"to shoot up Paragould High School.",-0.5
"waiting to blow up a special house, and going on a killing spree.",-0.1
"Warning: Im coming to shoot up West Bloomfield tomorrow, Im coming for Oakside and some more schools,",-1
"Watch out if you go to EV. Some of you are going to die tomorrow,",-0.75
"Watch out, Class of 2023""",0
"Were on our way.",0
"What if all the people that annoyed u / Were dead in front of [u], the teen wrote. Wouldnt that feel amazing / To see them beg as i bring my gun closer and closer to them. Yall do good to find a good hiding spot on monday.",-1.5
"You go to Winter Springs high school I will come pull you out of school tomorrow, said one of the texts, followed with, Ill shoot anybody who gets in my mother [expletive] way.",-1.4
"You go to Winter Springs high school I will come pull you out of school tomorrow... Im going with a gun...Ill shoot anybody who gets in my m***erfu****g way.",-1.5
"You Turner Tech jits bout to be in caskets. Naw bra we not doin nun on tt grounds, we catching em went they get out.",-0.6
"to shoot up the school.",-0.5
"1. ""I will become a God"" 2.  ""shooting up"" 3. ""I [expletive] hate this [expletive] school. It's pure existence pisses me off. Everybody here needs to die. [Expletive] humanity, [expletive] society, [expletive] life. Soon, I will become a god, and I will release my wrath on this [expletive] school soon."" ",-2.55
"2nd student's threat: Everyone going to Reading school tomorrow, please I beg you dont go to school tomorrow, there is a risk that one of the students will shoot up the school tomorrow just take precaution and DO NOT GO this is important.",-1.3
"a document he wrote with a list that read: 1. Pipe bomb, 2. Gun (I have a rifle but its a bolt action so it would reload slowly), 3. Ammo, 4. Time and place ... will add more later.",-1.65
"A shooting that would take place Wednesday at phhs.",-0.6
"Account Name: ShootingRHSnext",0
"Account username: shooting_up_heritage_middle Account bio:  IM COMING i am shooting up heritage middle school Thursday, January 23 yourdoneheritage.com.""",-0.6
"bathroom wall threat: South Dade shooting 12/6,"" social media message:  Im going to kill everyone at Miami Senior High School. Dont come to school on Monday, Dec. 6, if you dont want to die. Everybody will see the anger that I have inside me. Miami Northwestern HS threat: Dont go to school tomorrow I will blow up Miami Northwestern Senior High School and you will be the first to die.",-4
"caption with words that told students to stay at home on Monday if they wanted to be safe.",0.75
"claimed to have a hostage at gunpoint inside of Elementary School. He allegedly said he would hurt anyone who tried to enter the school.",-2.25
"Doesn't specify",0.25
"Facebook: a screenshot of a gun with the caption ""don't go to school tmr."" and  imagine thinking sending someone this is fucking funny. legit school shootings are not a fucjing joke and youre sick if you joke about them. fuck allegany fr. Discord: Im sure youve all heard about the school shooting threat. Good news, the kid got arrested. Bad news, his friends are threatening to shoot up the school tomorrow. I dont know if its a group of kids or if its just one, but if its a group its obviously gonna be more dangerous to go to school tomorrow. I advise you to stay home. Then again, these are just rumors going around. But still, better safe than sorry. ",-5.2
"Fourth threat: The dance tonight will be fun.",0.6
"Going to ""shoot someone""",-0.5
"going to ""shoot up"" Trion School",-0.5
"I hate Black people, ""he called us like cotton pickers and then he called all of us the n-word.""",-0.5
"I'm shooting up the school don't come""",-0.6
"included words ""start a school shooting""",0
"It indicated there was going to be a school shooting between 11 a.m. and 11:35 a.m. at Badger High School. ",-1.1
"It said, ""I am tired of getting bullied. At 10:30 tomorrow I am going to shoot 20 kids and 4 admin - see you heaven.""",-0.95
"man called police claiming to have shot his wife then threatened that the high school was next",-1.15
"N/A",0
"One the phone with Missouri Department of unemployment he said he was armed and was going to ""shoot the school""",-1.1
"Part of the threat read: ""going to shoot it up at 11:05 at lunch when I can find everyone lacking.""",-2
"Photo of threat within source: ""Shoot Ed White up""",-0.85
"Planned to shoot ""up a school"" and ""kids,""",-0.5
"Post #1: If you want to live tomorrow I recommend not coming to school. We tired of being bullied and bothered for no reason Me and 2 of my friends are coming to kill anyone we see so be ready We are going to start at 10:00 Am tomorrow morning (this post had a handgun in the background of the texts)                            Post #2: Some more of what we gonna bring. (this picture had 6 different firearms)",-1.2
"post: ""Are ya ready [sic] for some Rocori action"" in person: ""I can do whatever I want on social media""",1.05
"posted a threat to ""shoot up"" the school on Instagram",-1.25
"referenced school bullying",-0.75
"said a teacher did the writer ""wrong""",-0.5
"said he was going to ""shoot the school""",-0.5
"several social media posts  including one in which the suspect, armed and clad in a ballistic vest,",-0.15
"showing up with M16s and throwing pipe bombs through classroom windows",0
"someone was ""getting ready to shoot Crestwood up""",0.3
"Source has photo of letter; too long to transcribe here",0
"Stated Armada High School could be ""next""",0
"Stated that January 31st was a date the school wouldn't forget",-0.5
"stated there was a student plan to shoot up the high school.",-0.5
"stated they were going to ""shoot up the school""",-0.5
"swastikas and KKK,",0
"The 18-year-old said he intended to bring a gun to school, and then he did.",-0.75
"The student sent several messages through the app, including one regarding a gun and that the student would bring it to school and kill everyone,",-0.65
"The student told Wall-Howard (assistant principal) that (a student) was talking about if he were to come to shoot up the school, (that student) would know where to access the school and could have the entire downstairs before the upstairs even knew what was going on. The student also informed Wall-Howard that (the other student) mentioned needing to sell his current firearms to upgrade to an AK-47.",-0.7
"There will be a school shooting in the commons area on ovtober 21st 2019",-0.6
"Threat from male Im going to eliminate Everyone that I hate, if youve done nothing wrong theres nothing to worry about. But im warning you, If youre so confident and think you can stop me, i will have no choice but to eliminate you as well. Dont let that person be you.",-1.9
"threat said that a shooting would occur monday",-1.35
"threat specifically mentioned ""fourth hour""",-0.75
"threatened other students on social media that they ""wanted to get out of class""",-0.5
"threatened to shoot and bomb the school,",-1.75
"Threats of shooting up the school cafeteria and Instagram threats referencing Columbine",-1.35
"To commit a school shooting",-0.85
"To shoot 20 students and four administrators at OGHS around 10:30 a.m. Friday.",-0.5
"wanted the school ""stot up"", ""I was to murder every [person]... inside this school""",-0.75
"Warned not to come to school Monday",-0.5
"Wednesday 9/4/19: ""time to shoot up the school Friday 9/6/19: ""and this time Im not joking. Its for real.""",0.35
"were going to shoot a number of students and staff",-0.5
"Witnesses stated he said he was going to shoot up the school and that nobody will make it out alive,"" also held up his hand in a gun motion and said ""don't come to school tomorrow,"" also said ""shoot up the school and shoot a teacher first""",-0.25
"Wrote about the fireworks the day prior, was a test to see how long it took the police to arrive.""",-0.25
